variants,variants1,HCDR3_seqs,FRE_INPUT,FRE_M1,ER_M1,PSSM_M1,PSERM_M1,FRE_H1,ER_H1,PSSM_H1,PSERM_H1,FRE_D1,ER_D1,PSSM_D1,PSERM_D1,FRE_M2,ER_M2,PSSM_M2,PSERM_M2,FRE_H2,ER_H2,PSSM_H2,PSERM_H2,FRE_D2,ER_D2,PSSM_D2,PSERM_D2,Mouse Binding,Hum Binding,labels,library_name,
3,3 (D3),YWDMAGFPSN,-4.77E+00,-4.13E+00,2.151446812,22.00478389,6.73683394,-4.44E+00,1.116014849,8.28030269,-6.987647259,-2.290235455,8.247925382,34.06166163,18.79371169,-4.37E+00,1.336593777,20.40794425,5.139994299,-3.102677199,5.549052327,23.99374241,8.72579246,-1.589958342,10.5741956,39.22675573,23.95880578,0.126405231,0.257905978,1,D,D =  Dual selection
4,4 (MH17),YWDMAGFPSI,-2.744401618,-2.097580472,2.148693337,25.1758748,6.293690925,-2.51677021,0.75617517,12.07698102,-6.805202854,-0.506844438,7.433004061,36.46456234,17.58237846,-2.361302682,1.272627117,23.57646149,4.69427762,-1.283001679,4.854665515,25.43669697,6.554513098,-0.248187038,8.292245344,40.48231171,21.60012784,0.149207598,0.11130877,1,D,
6,6 (MH24),YWDSLSFPSN,-3.293581073,-2.437236362,2.844715554,24.105853,6.65503923,-3.04066451,0.840170636,9.619203184,-7.831610582,-1.176999514,7.031131745,29.86828042,12.41746665,-2.444926003,2.819171117,22.87001086,5.41919709,-1.55675187,5.769621725,23.96551025,6.514696485,-0.660431735,8.747132764,35.53163462,18.08082085,0.193313125,0.094509785,1,D,M=Mouse CD98hc selection
12,12,YWDGFALPSM,-5.55E+00,-3.453018416,6.970206497,28.37037998,14.16257049,-10,N/A,1.462578769,-12.74523072,-4.47E+00,3.607278749,21.96365943,7.755849933,-3.680557498,6.214338027,27.715033,13.50722351,-5.10E+00,1.490158638,18.64361275,4.435803259,-5.11E+00,1.461756092,12.23895588,-1.968853618,0.462347245,0.00846522,0,M,
9,9,YWDTLALPSQ,-5.55E+00,-3.363697538,7.266924029,28.28376778,14.78727493,-10,N/A,0.496201476,-13.00029138,-4.54E+00,3.344244343,22.4656187,8.969125842,-3.426270906,7.059059802,26.97300582,13.47651297,-4.93E+00,2.075121139,16.07471009,2.578217232,-10,N/A,15.51509041,2.01859756,0.454392853,0.056635158,1,M,H=Human CD98hc selection
43,43,YYDIRGSRPD,-5.55E+00,-10,N/A,8.699842445,-14.9446999,-4.67E+00,2.923369771,29.16203423,5.517491877,-4.54E+00,3.344244343,17.18089407,-6.463648278,-10,N/A,1.469513326,-22.17502902,-3.847404694,5.66008364,28.82032254,5.17578019,-10,N/A,-6.430670346,-30.07521269,0.014733618,1.018186089,0,D,
8,8,YWDTLALPSM,-2.167623779,-1.001751884,3.872942605,30.49397196,13.03429432,-3.169982724,-3.329764339,6.939744175,-10.51993346,-1.422653802,2.474736696,26.64392419,9.184246554,-1.119091028,3.483150404,28.94382559,11.48414795,-1.446243579,2.396373154,23.25461549,5.794937853,-2.063174044,0.346974509,20.20730907,2.747631434,0.386995582,0.057874559,1,M,
33,33,YWDLVGSPTK,-3.738346291,-3.344634532,1.307882152,24.18826867,4.631729456,-5.52E+00,-5.906352964,10.0631996,-9.493339613,-3.103632705,2.108472892,20.14289086,0.586351641,-3.23721467,1.664723211,23.86327239,4.306733167,-5.40E+00,-5.532209175,11.86378049,-7.692758727,-4.41E+00,-2.238683626,7.503864665,-12.05267455,0.169889977,0.00667969,0,D,
10,10,YWDSVALPSM,-5.25E+00,-3.648337118,5.321371813,26.20934109,11.29238311,-10,N/A,5.010918566,-9.906039415,-4.64E+00,2.022316248,23.40314998,8.486192003,-3.879391884,4.553824493,24.45657046,9.53961248,-5.10E+00,0.490158638,19.66351244,4.746554455,-5.41E+00,-0.538243908,16.98940669,2.072448706,0.196537432,0.069457515,1,M,
16,16,YWDGLGLPTI,-5.25E+00,-3.301549632,6.473374907,34.98389711,10.66567521,-10,N/A,12.32207016,-11.99615174,-4.64E+00,2.022316248,29.17854345,4.860321551,-4.05E+00,3.991945606,35.35646294,11.03824104,-5.40E+00,-0.509841362,23.40880717,-0.90941473,-10,N/A,21.6990085,-2.619213401,0.822386883,0.007262497,0,M,
28,28,YWDLLSSPTR,-5.55E+00,-4.23E+00,4.373839233,27.39989829,8.172785129,-10,N/A,9.4177588,-9.809354365,-4.94E+00,2.022316248,21.23729008,2.010176918,-4.14E+00,4.687091024,26.99458982,7.76747666,-10,N/A,16.23311651,-2.993996657,-10,N/A,11.32938014,-7.897733023,0.101405584,0.006276151,0,M,
23,23,YWDGFGSPTQ,-4.77E+00,-2.91336946,6.177919023,31.72871441,13.7050843,-10,N/A,3.788778287,-14.23485182,-4.24E+00,1.759281843,21.48866032,3.465030218,-2.892187083,6.248285359,32.92621437,14.90258426,-5.10E+00,-1.094803863,14.05114522,-3.972484887,-5.41E+00,-2.123206409,8.983683908,-9.039946197,0.375021332,0.005323156,0,M,
20,20,YWDRLGSPTM,-2.611241492,-2.021274858,1.959826739,33.40145025,9.471633753,-4.07E+00,-4.843159138,13.55397135,-10.37584515,-2.292174273,1.059918361,27.88214197,3.952325474,-1.9200427,2.296112688,33.58816163,9.658345129,-3.511612592,-2.990968052,20.10791646,-3.821900036,-3.301667503,-2.293545561,18.80834691,-5.121469587,0.270645507,0.007452477,0,M,
14,14,FWDGFGFPTM,-5.55E+00,-4.04E+00,5.02591593,29.59002648,13.04447296,-10,N/A,3.836092756,-12.70946077,-5.24E+00,1.022316248,22.39583547,5.850281949,-4.47E+00,3.599628183,31.01948748,14.47393396,-10,N/A,19.71558942,3.170035893,-10,N/A,9.86148275,-6.684070772,0.861062161,0.046780492,1,M,
26,26,YYDMRSFRPD,-5.25E+00,-5.26E+00,-0.01847819,3.766220634,-10.34461044,-4.10E+00,3.816454567,18.68800335,4.577172279,-4.94E+00,1.022316248,16.8197632,2.708932131,-5.37E+00,-0.400371817,-3.139409617,-17.25024069,-3.399385821,6.148370121,27.86496056,13.75412949,-10,N/A,2.493237307,-11.61759377,0.012414856,0.998800125,0,H,
32,32,YWDLLGSPTL,-2.630093597,-1.695287726,3.105357886,33.64917452,7.672322082,-3.936552101,-4.339961211,16.47655172,-9.500300724,-2.404033744,0.750954575,26.59466164,0.617809199,-1.703954894,3.076566175,34.09583271,8.118980271,-3.19151959,-1.865016781,17.79651317,-8.180339268,-3.08387761,-1.507437861,15.16663311,-10.81021933,0.208036016,0.009265164,0,M,
35,35,YWDLLQSPST,-4.71E+00,-4.26E+00,1.496094983,18.68561263,1.59558809,-10,N/A,6.486170367,-10.60385418,-4.54E+00,0.536889421,16.95982964,-0.130194901,-4.53E+00,0.599628183,16.24017702,-0.849847528,-5.40E+00,-2.317196284,6.72961348,-10.36041106,-10,N/A,6.446229264,-10.64379528,0.008881964,0.027978525,0,M,
36,36,YWDIVGAPTG,-4.77E+00,-4.13E+00,2.151446812,20.33015606,2.252896858,-10,N/A,8.64559778,-9.431661424,-4.64E+00,0.437353748,17.74498584,-0.332273367,-4.19E+00,1.921556278,18.5918345,0.514575298,-10,N/A,19.30178223,1.224523031,-5.41E+00,-2.123206409,3.248949165,-14.82831004,0.01969013,0.009582883,0,M,
13,13,YWDSLGFPTI,-2.133455925,-1.424434356,2.35531867,33.60005301,7.861488561,-3.198272363,-3.537243642,16.58160455,-9.156959896,-2.041841612,0.30433616,33.3436658,7.605101353,-1.22870843,3.005506122,33.88346927,8.14490482,-1.876980327,0.851993493,25.90067022,0.162105774,-3.156984708,-3.400089021,32.62382743,6.88526298,0.078087974,0.05263192,1,M,
30,30,FWDGLGSPTV,-1.868302721,-1.195736776,2.234215708,33.07001656,10.48126489,-3.395761767,-5.074109117,10.61165309,-11.97709858,-1.847312445,0.06972819,23.64079881,1.052047132,-0.985988111,2.930985691,35.08844704,12.49969536,-2.696989412,-2.752837602,17.90537227,-4.683379409,-3.087974758,-4.051662805,7.957389027,-14.63136265,0.397532171,0.005697353,0,M,
7,7,YWDMLASPSM,-2.473528468,-1.891898243,1.932133783,30.8456082,9.706585073,-3.882867242,-4.681722071,12.11937243,-9.0196507,-2.513537506,-0.132907148,30.37249047,9.23346734,-1.917129505,1.848317348,29.66598638,8.526963254,-3.138889372,-2.21028108,23.6305777,2.491554566,-3.336710252,-2.867427819,25.74226278,4.603239647,0.175709388,0.05000095,1,M,
52,52,NYSMLGSRPI,-3.693927151,-4.14E+00,-1.487963473,2.849590968,-16.82565392,-3.086583418,2.01755221,20.61847543,0.943230542,-3.766390537,-0.240718157,11.40243276,-8.272812122,-5.07E+00,-4.570296818,-4.078490752,-23.75373564,-2.978825558,2.375516072,16.16983868,-3.505406206,-4.71E+00,-3.386240815,-10.54576758,-30.22101247,0.018438353,2.251757083,0,H,
24,24,YWDTFGSPTR,-2.711153553,-2.003667589,2.350217502,30.98332281,10.95094455,-3.972267654,-4.189330362,10.18053456,-9.851843698,-2.785629895,-0.247405053,22.91658601,2.884207753,-1.777910895,3.100165005,31.90554506,11.8731668,-3.41693546,-2.344556747,19.73727914,-0.295099115,-3.855954712,-3.802947134,10.71746666,-9.314911599,0.192100219,0.005908023,0,M,
42,42(WT),YYDILGSRPI,-2.086323218,-3.602579627,-5.036894764,20.73056325,-12.84394574,-1.40062536,2.27783898,36.85919324,3.284684253,-2.190049187,-0.344570208,27.51514037,-6.059368613,-3.802551854,-5.701188122,15.31010713,-18.26440185,-2.565487973,-1.59175086,31.93891345,-1.635595538,-3.599343856,-5.026145766,9.273738045,-24.30077094,0.012323044,0.999999929,0,H,
21,21,YWDTLGWPTM,-2.487551088,-1.749016605,2.45335845,31.66507789,10.80471743,-3.835094461,-4.476442188,9.698950717,-11.16140974,-2.616145935,-0.427182835,24.70730415,3.84694369,-1.603375054,2.937169208,31.8776224,11.01726195,-3.165661092,-2.252632672,20.522999,-0.337361458,-3.965099182,-4.908308524,14.59906397,-6.261296484,0.525714219,0.047472811,1,M,
22,22,YWDRVSSPTI,-3.468474277,-3.238758802,0.763098291,25.84088612,5.964159184,-4.67E+00,-3.995493466,9.597957621,-10.27876932,-3.6414518,-0.574618894,23.6145061,3.737779162,-3.451675486,0.055804377,24.90851103,5.031784093,-5.10E+00,-5.428704599,14.60037104,-5.276355901,-4.30E+00,-2.756667427,15.41827245,-4.458454494,0.186393838,0.006323219,0,M,
34,34,FWDGFGSPTL,-2.112559115,-1.430203761,2.266735419,30.75156864,11.09772193,-3.635522106,-5.059173548,7.598080496,-12.05576621,-2.3181997,-0.683123239,20.20701146,0.553164753,-1.240838221,2.895794128,32.8771672,13.22332049,-3.091953334,-3.253477173,14.78019368,-4.873653027,-3.514630122,-4.65757907,2.719706339,-16.93414037,0.357222774,0.006125511,0,M,
31,31,YWEMVGAPTG,-4.71E+00,-4.35E+00,1.174166888,14.87453281,3.135204334,-10,N/A,1.047315672,-10.6920128,-4.94E+00,-0.785038674,12.64798649,0.908658017,-4.53E+00,0.599628183,13.66320072,1.923872251,-10,N/A,13.27881854,1.539490071,-10,N/A,1.361462756,-10.37786572,0.013708928,0.008568971,0,M,
29,29,YWDLLPSPSV,-3.949199656,-3.849251961,0.332019058,26.88055592,7.121934791,-10,N/A,7.958877834,-11.7997433,-4.34E+00,-1.299611846,21.44508976,1.686468629,-3.95578023,-0.021860194,26.43434327,6.675722136,-5.40E+00,-4.831769457,10.45611264,-9.302508498,-10,N/A,10.85778979,-8.900831346,0.134167141,0.056862809,1,M,
40,40,YYDYLGSYPI,-2.583243933,-4.03E+00,-4.790550135,15.80007632,-13.62640293,-2.001257023,1.933318669,33.80693711,4.380457859,-3.026027847,-1.470896324,24.14167186,-5.284807386,-4.89E+00,-7.674944103,11.4052673,-18.02121195,-3.354489172,-2.562021226,23.93980758,-5.486671669,-4.57E+00,-6.590423772,4.924518504,-24.50196074,0.012840916,0.177957848,0,H,
51,51,FYDIHGSYPL,-3.706161607,-10,N/A,8.100965215,-15.71740181,-3.120136351,1.946733764,27.77072478,3.952357749,-4.40E+00,-2.299611846,15.69913902,-8.119228013,-10,N/A,2.11728831,-21.70107872,-4.12E+00,-1.391196865,16.06047722,-7.757889812,-5.41E+00,-5.667526925,-13.29380873,-37.11217576,0.013387192,0.187975187,0,H,
50,50,KYDILGSYPM,-3.653632556,-10,N/A,7.071940289,-18.2514397,-3.273297649,1.263445213,29.61287642,4.289496435,-4.94E+00,-4.2814645,17.27686028,-8.04651971,-10,N/A,-1.51538706,-26.83876705,-4.23E+00,-1.906731514,20.75027917,-4.573100819,-5.41E+00,-5.842024656,-7.611589653,-32.93496964,0.012134049,0.100779815,0,H,
17,17,YWDNLGFPTI,-3.009680403,-1.976581629,3.431879845,31.92305565,7.244634312,-4.44E+00,-4.741966146,14.37410045,-10.30432089,-4.47E+00,-4.835664747,29.37291744,4.694496107,-2.028528349,3.259316576,31.63121585,6.952794518,-3.000586674,0.030208717,21.40896666,-3.269454676,-10,N/A,24.97830051,0.299879172,0.68310003,0.04382459,1,M,
